id,ts_ordering,loc_x,loc_y,t_packing
1,0.03,-38121.32616548294,-38304.0279038641,120.0
2,131.26,19944.967175629514,-5371.021010846453,120.0
3,147.35,-4148.539300902397,-48263.99911816895,120.0
4,170.78,2496.672227179981,4.985050454786688,120.0
5,236.31,-71171.59029876378,-23094.977830756972,120.0
6,253.08,-30414.30502612402,36921.84283088586,120.0
7,269.84,44126.81947211457,-17310.623585611116,120.0
8,363.85,-70529.06153585303,-11329.067124819278,120.0
9,379.11,32188.56602882161,33252.108984759645,120.0
10,399.7,13794.007240916995,-34667.343740721466,120.0
11,435.65,-77622.63176751518,-2980.920905906147,120.0
12,449.74,39692.34262872877,2096.593565563475,120.0
13,510.6,44388.39943754242,-6041.944575378751,120.0
14,531.98,67003.97335720797,20316.895105316347,120.0
15,554.61,-5535.909165593557,59799.69478097719,120.0
16,569.56,12911.222008820521,-28738.976542588825,120.0
17,667.56,-61955.467948795274,28102.92630264703,120.0
18,733.84,-45898.521656654106,-32725.056216342895,120.0
19,809.22,31021.909530716322,21247.98442875655,120.0
20,852.63,-52984.924717378155,25483.687804846282,120.0
21,876.72,12676.348393608394,-55920.85851083136,120.0
22,887.64,-47145.51775829741,-28346.843576623127,120.0
23,896.74,-25349.621988074796,40717.65887219276,120.0
24,923.5,95130.81113186279,9461.349728778623,120.0
25,999.89,-17240.67095577805,14238.112496316597,120.0
26,1006.07,-8721.168316649244,-47799.76202531049,120.0
27,1033.17,12501.927802406884,19123.645737088173,120.0
28,1034.97,-33475.74020393996,-27124.824506932127,120.0
29,1092.49,-46223.16640886602,24926.390482382012,120.0
30,1129.61,-72895.79166228761,-15677.553028055883,120.0
31,1170.63,37353.702844013475,27346.299183416202,120.0
32,1213.06,-17528.85391510468,38599.64250050453,120.0
33,1252.53,16213.76134256653,55455.12414774271,120.0
34,1357.51,75277.35660862333,-7174.0470220083225,120.0
35,1358.71,56446.81279768975,-21204.244460323847,120.0
36,1436.92,-24886.138361460748,-49632.195952871494,120.0
37,1511.56,-83726.79781680155,10698.088158585399,120.0
38,1512.39,38503.8406881843,-9402.313186641215,120.0
39,1540.11,50396.0795497216,-22589.929256143972,120.0
40,1635.94,15513.393596112219,-22075.9752585716,120.0
41,1789.53,-65989.43786725047,10171.189767076228,120.0
42,1869.98,-40832.1307412139,31983.831887405577,120.0
43,1875.37,34181.219363839664,-17823.334398459156,120.0
44,1936.97,-65700.04469974918,-8319.076644709208,120.0
45,1976.95,37065.64926500349,-26416.288322516095,120.0
46,2040.21,86304.97023382036,2304.5656395935002,120.0
47,2231.34,-53982.0363199327,-1546.7850181558842,120.0
48,2244.11,-49140.9783763769,21668.900989898975,120.0
49,2261.15,69145.10530669452,8268.54825537841,120.0
50,2280.78,77078.0827555058,10027.548369265438,120.0
51,2513.95,-9058.02132191287,43303.38029985465,120.0
52,2599.9,-25320.365515828962,5788.216702293506,120.0
53,2604.54,69053.96989404286,-10266.061533438733,120.0
54,2640.19,69667.46654814329,-2700.635322911825,120.0
55,2669.35,95071.8341523526,5055.706567453133,120.0
56,2834.94,-10988.557391533835,36347.30653485966,120.0
57,2941.26,22532.49430979706,48141.492738346285,120.0
58,3018.89,-69309.34091878156,-20187.97988792239,120.0
59,3044.96,-31776.333944286034,46544.48982786556,120.0
60,3121.48,-42556.849784897364,34769.86249788168,120.0
61,3162.31,-10228.569582675958,41473.37016963685,120.0
62,3204.7,-26143.235857338543,-29923.407544114903,120.0
63,3263.42,86405.51198092538,-8842.649103880394,120.0
64,3265.0,58270.28819390235,-1040.78004700545,120.0
65,3297.26,69245.45308423521,-17931.959360711677,120.0
66,3319.05,-5171.781728337548,-59937.442826508224,120.0
67,3341.91,52041.52090404466,-28899.84944615575,120.0
68,3643.93,-21910.343634074146,-51319.73204298238,120.0
69,3661.5,1508.6870514509646,3370.2319370039077,120.0
70,3673.3,-44256.47612896185,17190.767412994333,120.0
71,3691.64,35897.75237315144,-17245.113868508786,120.0
72,3709.69,-207.03540107393565,29945.347131588627,120.0
73,3786.01,66744.03983150877,16595.28653242423,120.0
74,3920.41,-9441.150638882647,59162.582005005526,120.0
75,3929.21,16773.09300859862,49289.82838184707,120.0
76,3937.02,-34129.21652470161,2181.9718082591535,120.0
77,4012.28,-37.56845199519739,8757.506614235102,120.0
78,4026.42,48675.207564783195,-23182.652992691947,120.0
79,4086.43,-17359.305025228954,-54336.35907999103,120.0
80,4242.41,35660.36458029008,40807.60590159093,120.0
81,4300.36,21052.931032515204,1436.863090424602,120.0
82,4363.77,45398.82029137327,-20361.553954389077,120.0
83,4445.06,-1785.2908587281272,-25650.2535310476,120.0
84,4473.26,60039.2238663532,27376.791992862745,120.0
85,4579.7,40299.977222968184,672.2772084959579,120.0
86,4619.72,4145.182343356675,-19004.453384863555,120.0
87,4634.08,58326.29346870798,12610.92581634115,120.0
88,4696.55,39272.19877521542,22859.435997078876,120.0
89,4713.16,-89340.34685981917,6054.947669091567,120.0
90,4750.44,53289.455573669795,31155.395252095077,120.0
91,4816.93,-4963.398822128074,-59101.38782416699,120.0
92,4816.95,24268.934913610385,-9805.262308961544,120.0
93,4835.87,-67674.18282174134,1591.996479998148,120.0
94,4909.23,-56634.82458976804,30277.979398181593,120.0
95,4952.0,-10997.411004972746,-23804.02164038501,120.0
96,5092.82,-24573.029067846277,-4220.732556842926,120.0
97,5158.64,69285.42603528344,-1804.7283656841246,120.0
98,5234.51,33551.82798583922,-16414.986291680616,120.0
99,5269.26,15687.067247250787,-55852.325437058724,120.0
100,5386.02,62790.82193945383,22643.47022281635,120.0
101,5405.17,82157.30158470005,-3055.124520193858,120.0
102,5466.2,9161.75185616815,-49321.76158021084,120.0
103,5497.98,-39477.49385134858,31602.631902630186,120.0
104,5603.87,37721.80973798759,-24252.364018285145,120.0
105,5645.1,-51092.567110439,5437.098913404052,120.0
106,5695.67,-2557.67287488922,-14325.914964849206,120.0
107,5778.94,-51812.4881147458,-15168.816017084118,120.0
108,5803.75,-1563.6418039564596,-44443.29146260893,120.0
109,5875.35,-4323.7117642714,-50408.778693068714,120.0
110,5955.42,-63126.96545895918,-4161.055555514948,120.0
111,5984.59,-79281.85608878083,11352.617051379391,120.0
112,6024.98,81339.05678678349,5883.696148973417,120.0
113,6082.16,20068.19142808887,40993.82497594366,120.0
114,6218.25,-5930.07478768102,16840.50187725258,120.0
115,6230.1,-47074.60795968099,-5663.946000458611,120.0
116,6270.02,39831.51165816745,-35591.06410101816,120.0
117,6281.21,23780.267109761597,-33593.55032292836,120.0
118,6340.89,66163.99607884424,-17323.492616403804,120.0
119,6419.95,-33122.385229530715,14726.337908983589,120.0
120,6471.41,54875.129051745265,-25104.110599918495,120.0
121,6552.98,13658.81798723594,-2605.3300166560584,120.0
122,6562.58,-17526.203089202943,-19482.3060972631,120.0
123,6602.36,-40055.07984254494,35366.797837099046,120.0
124,6722.44,-18559.289726820745,-26853.859354085933,120.0
125,6752.51,-62115.577970762184,-19130.135738230987,120.0
126,6799.03,46964.232283812424,-37271.68201661049,120.0
127,6881.08,12305.462497794731,43277.34136671045,120.0
128,6903.6,26551.831338339674,-35722.105727117436,120.0
129,7109.88,-39508.48735298153,197.70454193760088,120.0
130,7146.73,-21606.87046484993,38898.19750189603,120.0
131,7234.11,95920.79032446745,-3589.1429082732284,120.0
132,7317.66,-20491.290918719307,-7175.597029285,120.0
133,7349.37,21838.26863137992,46869.173325811265,120.0
134,7361.84,-8540.73745426182,31731.802134674756,120.0
135,7453.07,-87933.29192864808,12671.744531033606,120.0
136,7471.41,75027.33812232452,-14919.035436489918,120.0
137,7500.01,-50595.12427053981,-20742.538679720114,120.0
138,7500.89,-12875.761045075138,-50861.68967937586,120.0
139,7510.46,94234.01600701254,-1177.846984534859,120.0
140,7536.59,-13467.01424577403,-49532.353410604504,120.0
141,7558.6,-33196.07161167538,-24650.038083065614,120.0
142,7570.63,-92681.43284443335,-10669.75300568312,120.0
143,7616.63,-53333.16191898216,-32831.4226699196,120.0
144,7640.66,-25807.748318711187,38714.386596233824,120.0
145,7651.26,25575.116401256113,16135.57085262737,120.0
146,7669.13,-30546.9125882811,-2066.755041841683,120.0
147,7685.99,-51756.31535859866,11433.573670105898,120.0
148,7687.54,-94729.64294374887,-3918.2501014453555,120.0
149,7751.13,-82915.90566825474,-8539.83790670169,120.0
150,7924.18,14686.521558391461,-120.00282393648376,120.0
151,7937.05,77522.98926227339,8018.947716360664,120.0
152,7968.97,-1791.1720663800288,58004.79004778163,120.0
153,8061.55,-17354.11229990206,-36049.348804921225,120.0
154,8143.4,-3804.341246135027,49960.968768582374,120.0
155,8198.9,-9503.301808884798,51760.18657992727,120.0
156,8240.02,-12426.621703929137,-41124.21366267059,120.0
157,8241.56,36652.06856741733,10178.416756612161,120.0
158,8387.58,-40699.79383770697,882.6222041575274,120.0
159,8480.4,2026.9204237059603,-13798.490034976043,120.0
160,8511.12,-25190.78762651774,33822.134485584415,120.0
161,8528.18,-82241.60299863604,11119.0079419582,120.0
162,8602.15,-34263.15518022529,13206.078203436467,120.0
163,8712.09,18675.027803545207,26560.258982901658,120.0
164,8751.68,47968.3136485243,8913.665396719814,120.0
165,8752.7,12143.536222047725,-32659.182594710048,120.0
166,8815.55,71580.99253188449,18189.232356451525,120.0
167,8840.27,33880.02850649573,5982.640089749708,120.0
168,8886.15,-18732.976739712874,-35091.30405817072,120.0
169,8926.06,25679.296022526614,875.9554003103913,120.0
170,8992.23,72904.18203760262,-8798.115120634735,120.0
171,9240.15,-18370.92195206513,6463.29478586599,120.0
172,9277.24,70493.13627007722,23805.62746519837,120.0
173,9290.69,-54473.79315794677,8638.54402127731,120.0
174,9316.74,-23410.300598810485,-42109.85051998233,120.0
175,9530.86,-30543.251265975523,-22159.404227569183,120.0
176,9620.61,-48338.768170763906,-13249.650576036753,120.0
177,9661.8,-53945.91292312465,16618.996301102576,120.0
178,9664.17,-69793.28052292299,17378.428710836284,120.0
179,9832.97,37844.81708059849,-17877.883366890273,120.0
180,9908.81,-50446.61690554465,-28501.40575563399,120.0
181,9929.21,-80534.04378088191,16609.951371667546,120.0
182,9946.73,28642.3985335396,-41369.606675464194,120.0
183,10020.21,52964.792964615735,-20291.72145836537,120.0
184,10151.36,-53637.33513020937,-7570.9790929741375,120.0
185,10154.02,83825.78881043251,7172.112813238942,120.0
186,10162.69,-17964.67697761378,-29484.32464268389,120.0
187,10168.92,-40917.80726887276,2916.910041117695,120.0
188,10217.36,1178.8454282830207,24667.604305555276,120.0
189,10232.09,-6367.122138393403,-16864.617081606917,120.0
190,10390.51,45260.94876211756,-20217.667451457528,120.0
191,10503.27,19001.94669379703,14594.780699971823,120.0
192,10615.47,-52377.94079417047,22665.430683873532,120.0
193,10674.93,20478.5203141604,-48543.48983853869,120.0
194,10700.62,-63950.16088051036,-13819.038310076667,120.0
195,10702.27,-21646.60169570583,-16788.13349048727,120.0
196,10706.11,-25234.414627045247,25491.021657378795,120.0
197,10826.96,33270.91700402858,-35611.49032931701,120.0
198,10831.66,28099.42801435344,-48711.81069192603,120.0
199,10851.63,62096.94141361069,5915.831305641848,120.0
200,10890.68,75977.33705947526,2996.902646574439,120.0
201,10894.88,-38494.73220004864,-11204.181132953956,120.0
202,10945.11,44411.559392071285,38466.32723687384,120.0
203,10996.96,-53354.728953745784,6259.432657189194,120.0
204,11037.32,82298.12108687311,-10926.775731179936,120.0
205,11063.1,-43163.125252059035,23139.134522291104,120.0
206,11313.17,66361.43094053204,14790.233764588433,120.0
207,11349.9,37548.32470397705,14752.236134328552,120.0
208,11452.5,21459.673933658967,-24021.56777633326,120.0
209,11454.43,-104592.58668766388,1340.4301824346758,120.0
210,11482.16,-83.05153464995237,5659.917496086666,120.0
211,11521.87,258.4646284706723,40495.254859456116,120.0
212,11598.77,-25439.10290559726,-25949.462737798145,120.0
213,11609.5,-71463.76332940414,-18007.65840923833,120.0
214,11627.12,6272.54502596856,-11646.269808746547,120.0
215,11629.17,10268.544453738228,31436.975131435443,120.0
216,11675.89,-72927.08488279488,-8078.629484188918,120.0
217,11750.99,-21254.274516933874,34146.03276665698,120.0
218,11849.79,-20800.176920756327,15022.941696904923,120.0
219,11988.91,488.9680311400007,-56334.73185107171,120.0
220,12200.49,16417.46111307197,-33105.33839029336,120.0
221,12382.17,53200.88845009247,-25046.779266056117,120.0
222,12394.67,5173.785365764219,12941.939867883812,120.0
223,12453.92,48718.21149328462,26703.513758346446,120.0
224,12479.68,-64801.518998082516,-16547.499266868104,120.0
225,12544.54,-67226.1473347845,24008.71875117279,120.0
226,12588.14,67846.08394900172,-21430.454277898134,120.0
227,12646.19,-81085.45475124769,-13807.32048408689,120.0
228,12686.55,-52850.384244700144,-2405.645210103443,120.0
229,12686.86,22338.658564790567,23731.05044454836,120.0
230,12721.6,-52325.66599524325,-561.9152733888513,120.0
231,12734.26,-71749.18252523344,-18019.299008010286,120.0
232,12734.67,-36371.00215969768,33110.2925094127,120.0
233,12760.52,6165.079877990385,-34725.88951848583,120.0
234,12813.91,-30226.548278195165,-22631.15230319953,120.0
235,12988.76,21760.99166693192,-8290.892370182264,120.0
236,13027.41,6580.0020250747075,41734.60125449052,120.0
237,13041.36,-50887.397591229645,-27625.10892913676,120.0
238,13098.67,30509.404018154702,35098.12577739045,120.0
239,13278.36,-15085.807664082233,-2162.23821156106,120.0
240,13347.74,-18597.941070525154,30513.261743418836,120.0
241,13386.08,-72034.86913305055,10158.71380171297,120.0
242,13470.1,21376.95949540448,14078.683949282684,120.0
243,13493.74,7046.003873277594,-3896.142278583564,120.0
244,13587.85,14429.3067746218,-4426.537686121068,120.0
245,13591.42,44276.78116926798,13836.432257516339,120.0
246,13592.93,-3419.198299194213,-1777.4603385617156,120.0
247,13734.96,-29535.350140747483,-43711.3149178755,120.0
248,13754.13,-54336.53745152061,20467.175936148553,120.0
249,13769.62,-20230.857914871514,-6526.577135278825,120.0
250,13781.32,3502.443070379348,-60144.541182727145,120.0
251,13791.71,72979.86733247907,2266.5829209177173,120.0
252,13823.9,13004.162819625548,-53502.37654017227,120.0
253,13879.31,59672.12090701694,20845.910555944058,120.0
254,13958.1,-15606.462339181337,15455.08012199683,120.0
255,14015.84,33431.12211199425,-37128.2556354804,120.0
256,14071.51,60915.960823377245,18523.577298361393,120.0
257,14109.06,5336.127818172168,40095.28003432335,120.0
258,14110.56,-100657.50971783197,2148.7059814227587,120.0
259,14165.21,-49625.953343212896,16058.195502609307,120.0
260,14247.93,61893.42638935057,8006.057555009575,120.0
261,14336.13,19938.80713347673,-46648.7586135583,120.0
262,14337.93,-33823.2616363768,45287.95547935125,120.0
263,14345.08,35824.950439145534,22338.57828453475,120.0
264,14422.92,-69248.44462280135,-16979.308324049038,120.0
265,14460.56,8742.626914465625,47972.268470459945,120.0
266,14517.71,-47437.742490812525,37324.32928571515,120.0
267,14525.75,6475.13038472466,-21526.842440260883,120.0
268,14544.27,-4519.248261772249,-5394.543050089891,120.0
269,14582.35,-75436.51340097409,-13010.120992636472,120.0
270,14586.3,-36228.18770376926,39839.406360453824,120.0
271,14594.06,1330.0978561280208,-28895.489104861525,120.0
272,15074.87,-64880.21965223521,12818.08769820951,120.0
273,15080.98,-21345.09001299808,44002.17455342127,120.0
274,15173.1,84726.64412124056,3368.0369908111024,120.0
275,15183.97,660.8314715045562,-20607.758085223693,120.0
276,15193.7,25549.219656213914,640.4899348219988,120.0
277,15328.39,-54925.15470654796,-18159.400191680368,120.0
278,15397.11,93879.3139461702,-1284.332598144305,120.0
279,15397.13,20089.085323237814,8247.669519129617,120.0
280,15552.38,104909.49807043007,-1402.0424932499882,120.0
281,15615.48,65558.04589327548,11925.528633613569,120.0
282,15683.0,-74288.88901606995,-9687.816830468615,120.0
283,15733.41,30107.86254136526,45488.06943084343,120.0
284,15763.35,-36770.61073102596,14356.908252127674,120.0
285,15799.82,-19828.092921091702,45443.01263393107,120.0
286,15841.84,-56388.12604555741,158.10487258542344,120.0
287,15940.29,-1093.3652440549195,-58462.83648216168,120.0
288,16007.27,84207.08499803378,-10176.236818187528,120.0
289,16073.09,24936.23412110773,35051.53852871823,120.0
290,16141.98,16855.881843423736,42652.05329041599,120.0
291,16173.97,-7445.591753309171,-52038.34468454055,120.0
292,16206.25,-34249.41409933933,-21204.96516024141,120.0
293,16320.7,30114.631171815454,34919.01827019859,120.0
294,16353.19,-42923.797706447,-16316.047953023273,120.0
295,16599.48,-26452.391977308893,47810.37067858513,120.0
296,16660.09,-49302.71421558082,-29217.394536815926,120.0
297,16751.65,23317.529328459976,38248.21627015197,120.0
298,16780.32,-33733.99045409762,-6269.066789349545,120.0
299,16818.45,-7702.769835774641,-3832.3602079754237,120.0
300,16875.13,-61982.70207074714,22141.6889295766,120.0
301,16910.53,29829.62389012683,15523.185809494127,120.0
302,16961.45,-104170.06506603274,4560.618530029997,120.0
303,17088.59,55576.34012139654,-4868.074837163695,120.0
304,17175.62,4515.977109326337,44990.87320419822,120.0
305,17215.16,-19631.893209110254,9936.449991710771,120.0
306,17262.87,25097.25190273425,3441.6003753237383,120.0
307,17438.31,98888.10996807549,456.83742781961337,120.0
308,17441.74,51249.99588778638,21251.42114296974,120.0
309,17471.78,79021.606601091,-7818.413274004495,120.0
310,17574.04,2137.0043586827815,-62488.06500410129,120.0
311,17580.62,5241.97756348853,-37161.21267514867,120.0
312,17621.9,-3789.089483434087,-14043.361978629135,120.0
313,17639.73,81157.93999683812,13937.158024779477,120.0
314,17681.4,-25126.924512098878,-32645.407603237993,120.0
315,17707.58,-115.75596584515006,2263.6640288348717,120.0
316,17863.41,52111.66652004866,-4690.698431732264,120.0
317,17883.92,25492.40362920628,-34481.73734428693,120.0
318,17929.05,74360.11377281093,8569.795252481825,120.0
319,17994.68,27963.609810455244,29268.873317817874,120.0
320,18010.44,17345.209104513335,1679.904487584041,120.0
321,18022.3,-32332.14675492865,20457.26478410776,120.0
322,18137.85,-15007.159527057942,-8395.516763110361,120.0
323,18186.58,1984.7809101532944,63428.1562330856,120.0
324,18349.83,105720.3947028264,-3245.234480738436,120.0
325,18379.04,8338.511806861141,12700.512226918825,120.0
326,18404.03,53129.72568962139,-31687.381822108353,120.0
327,18453.66,-13052.46468316119,11325.235227625875,120.0
328,18455.56,-27456.04778558846,-5529.735958974321,120.0
329,18491.53,-60050.72954182494,226.12483065360357,120.0
330,18515.27,53742.76989439211,3925.4516236684794,120.0
331,18570.64,-77882.49468798249,7549.083010194021,120.0
332,18621.25,-20871.06932787628,40399.72923094658,120.0
333,18699.61,3794.264116379127,17804.311925026774,120.0
334,18876.56,66611.30820140452,21259.167536811052,120.0
335,18940.2,-36699.01349663498,42175.13265030623,120.0
336,19136.55,-103504.95901573337,-5084.580318346814,120.0
337,19141.8,-32382.560349595464,-2633.4467062017975,120.0
338,19160.03,43663.67690977091,-16469.65681598308,120.0
339,19217.74,69591.02053865616,-17514.17111615729,120.0
340,19281.06,46966.598350580534,8932.756182710145,120.0
341,19282.16,32027.85875132835,36409.44806059534,120.0
342,19339.01,90292.32862404184,2327.9948861860175,120.0
343,19340.0,21037.56893477266,15256.021395044616,120.0
344,19364.82,-6664.147756111597,32150.871293356413,120.0
345,19628.64,-38247.74390536823,-23163.568305514804,120.0
346,19664.49,-13855.717811385948,28581.789185146517,120.0
347,19712.09,-36.37572175137757,-24765.615860968213,120.0
348,19776.74,-33780.572226092096,-13823.590857208575,120.0
349,19783.95,43848.60765247625,-1723.65652310312,120.0
350,19906.24,-65775.39501362058,-9470.137872464273,120.0
351,20097.7,34612.184411828246,4220.466855856044,120.0
352,20102.04,-5818.655350810923,53110.76637770553,120.0
353,20153.19,-33780.3760051718,25008.656156780526,120.0
354,20420.33,23177.263022350584,-6649.6494044019855,120.0
355,20547.05,-99336.21777748328,1806.1755199971985,120.0
356,20559.06,64145.528300132006,13095.81315005476,120.0
357,20579.24,32554.810861709957,-14346.777852109932,120.0
358,20651.95,31968.736508128808,31079.944430997355,120.0
359,20661.14,38143.482201825216,-27115.704100165047,120.0
360,20664.59,45717.87051302832,-26651.230545286664,120.0
361,20735.55,-8468.668228601935,16055.605713298832,120.0
362,20928.5,-18601.375079788006,-17558.74219487738,120.0
363,21075.76,-47567.64854145334,3678.4686981748964,120.0
364,21095.99,9475.460553182456,-14877.242317066793,120.0
365,21131.94,45834.48269099121,1077.5449782184805,120.0
366,21142.05,68924.22605995716,8908.136386392951,120.0
367,21341.87,60131.47393577194,1942.0614381638734,120.0
368,21395.78,-14065.294211435845,-29301.05376632296,120.0
369,21501.02,88615.5577928894,-6641.401537105521,120.0
370,21525.18,-48797.65350196024,-34883.04120305923,120.0
371,21554.5,441.45550081505644,4580.716145858074,120.0
372,21613.95,-17319.551324867847,-39482.70327789314,120.0
373,21759.26,26351.35927659762,101.5116741134625,120.0
374,21838.94,27197.361750693533,24029.974085233367,120.0
375,21855.13,-52164.10939100286,3524.4844070328654,120.0
376,21862.61,-89975.36291723556,3176.86729773557,120.0
377,21936.63,-10378.4189019716,44060.90519437245,120.0
378,21963.26,-31740.76207402427,-17204.83871254925,120.0
379,22087.98,-49168.74189959911,-29132.844617761973,120.0
380,22204.1,-85387.47187932584,-4298.398621360343,120.0
381,22227.86,74619.2898800004,-11527.554589952735,120.0
382,22285.77,-11310.52075900227,-16487.363095022672,120.0
383,22335.68,-18642.31914981985,-1621.462305403511,120.0
384,22480.42,90411.17531707071,-1130.9920121784962,120.0
385,22517.72,54174.33596984415,-16838.25910941774,120.0
386,22549.32,-10649.93672789265,52986.984331974,120.0
387,22785.12,-2827.317953411235,54535.21753905921,120.0
388,22852.18,49882.57430499146,10860.775487508196,120.0
389,22915.47,-9502.309481969663,28081.08671008364,120.0
390,22916.58,-42856.22011770059,-35253.103054178806,120.0
391,22982.66,-31857.15145561823,7476.681501533549,120.0
392,23009.02,-17703.82068280378,10163.694385528332,120.0
393,23033.78,5641.463251177018,2500.6696778088008,120.0
394,23074.98,-1873.4269250347352,16434.06647221463,120.0
395,23180.51,-32521.831768738877,10315.347236272912,120.0
396,23238.47,-70842.1793062527,-2809.813947915256,120.0
397,23271.39,-5527.13348014417,-34626.46013971715,120.0
398,23314.9,-44744.4805650283,37688.860472415305,120.0
399,23333.53,3326.536423844438,34303.38941059368,120.0
400,23333.93,48894.75681386379,6116.153991466657,120.0
401,23353.77,-65496.726666182774,4643.062463819726,120.0
402,23364.03,-9394.412521324002,40886.82715070158,120.0
403,23373.54,3845.680485495919,-23857.196662634968,120.0
404,23377.01,-9587.849055880866,47019.62787667166,120.0
405,23377.46,62872.87600495796,6545.793008775581,120.0
406,23501.72,24848.309036460647,-28229.00793036517,120.0
407,23547.2,76855.27787215202,1168.9479393085057,120.0
408,23600.74,2983.9973619024604,21375.330019656172,120.0
409,23669.65,20210.02352938999,-37876.98252258753,120.0
410,23670.92,-62449.98562161458,-14888.132770957352,120.0
411,23812.33,96.4945452692773,7378.248585701622,120.0
412,23985.68,-13251.761090951055,38962.546620083755,120.0
413,24064.44,-14668.071956787302,-46447.6882902916,120.0
414,24067.66,46840.02398438833,-4959.907501794172,120.0
415,24103.72,48654.934432824,-12830.417230287116,120.0
416,24247.44,65512.707433407006,9907.38735199286,120.0
417,24327.18,83428.34903536989,-12229.575727167037,120.0
418,24561.79,-30757.28050309515,-27349.562318390083,120.0
419,24597.0,103959.08121253576,-2446.293697606554,120.0
420,24608.71,-62969.41902604652,-18110.406825635455,120.0
421,24619.89,-23426.309482655357,-47696.189014039795,120.0
422,24627.5,20825.525985910783,-9594.133062299494,120.0
423,24632.08,58462.32278941518,-5576.762694373385,120.0
424,24703.73,64075.81794089326,19827.213634929773,120.0
425,24705.56,930.7996423600853,29517.46586190059,120.0
426,24744.13,-47885.85843635621,-28906.244360935176,120.0
427,24844.37,-1135.5107077467328,1385.5061058268584,120.0
428,24923.49,76643.70906299319,-5014.3599690406045,120.0
429,24942.06,-22675.248263660695,-22446.132029470566,120.0
430,25085.03,-31438.326041560336,17287.45789484615,120.0
431,25086.82,-16872.806237091776,-26599.81240476291,120.0
432,25196.75,-17277.773764756246,-30393.50267400802,120.0
433,25292.19,19124.375607642396,-8186.6902662144275,120.0
434,25320.44,-21658.86791643381,-43368.33971516387,120.0
435,25326.69,100514.17496226079,2918.1048084883805,120.0
436,25439.57,-33633.12382247719,-10948.648797253005,120.0
437,25491.83,-11241.442448162503,-1260.1500330289746,120.0
438,25532.37,32391.121920858248,-39700.12644781139,120.0
439,25565.75,44926.51129622106,25188.513761711918,120.0
440,25568.05,31285.431491375413,-12952.630893529305,120.0
441,25570.03,-81518.91009482201,-5509.494103755552,120.0
442,25579.41,10399.807649910159,-23834.108988265893,120.0
443,25636.42,-27192.17909757919,23372.546805139937,120.0
444,25685.97,28150.83971081664,-30663.508556237804,120.0
445,25770.46,-6428.855930942653,36722.862000078334,120.0
446,25878.82,11167.361376326036,-40557.2148331879,120.0
447,25897.68,24473.04228974603,24862.172342356378,120.0
448,25966.62,-73586.29906923328,-9490.157349675868,120.0
449,26007.9,-7712.859659090784,-10274.10900100906,120.0
450,26120.98,34098.81000024904,25572.298826315888,120.0
451,26303.15,25216.074129727087,19948.893384523657,120.0
452,26348.13,-78843.4881434707,10144.539329713003,120.0
453,26356.41,-59031.696013711255,-14448.534815940006,120.0
454,26448.9,24447.879664437904,-40912.1863300608,120.0
455,26633.13,15220.381731853406,12538.5687795034,120.0
456,26778.23,-4241.45173889925,39447.14212251832,120.0
457,26829.71,-2840.14543615008,-46805.71632895703,120.0
458,26920.2,3042.6235510378356,39236.19289644337,120.0
459,26956.84,-18855.184099398888,-38253.46234609823,120.0
460,26984.29,2911.461472040057,-21164.169670882453,120.0
461,26990.53,-28768.636681031625,-31849.17070604445,120.0
462,27123.51,-43433.56699925403,-20437.641014314468,120.0
463,27142.31,-1194.2922980632757,29720.958452417915,120.0
464,27436.82,-59481.257405363474,-11000.851063880731,120.0
465,27649.96,66804.44708538678,-4556.531328220633,120.0
466,27701.27,-50648.753874496346,-3145.904018295276,120.0
467,27751.12,16696.203782274213,-41540.61509530701,120.0
468,27802.07,47993.94761063866,-4055.2267685444895,120.0
469,27981.55,-84621.58836344231,5774.954827776595,120.0
470,28042.14,-18306.507903769336,25703.51710638972,120.0
471,28101.59,-84927.49360392033,-3730.865184342033,120.0
472,28113.92,80325.21045293867,-8281.901536526937,120.0
473,28310.12,-34325.003160870714,-11153.470351981116,120.0
474,28312.13,-56860.56815208658,-11137.610913754012,120.0
475,28452.26,-7561.605461462386,-29626.39586092264,120.0
476,28493.72,46024.44583214937,12.964019086473854,120.0
477,28536.6,-69510.0825498669,-16475.075453919206,120.0
478,28561.4,-3819.5035501546226,23057.55286437869,120.0
479,28577.44,4012.0361675035747,-1731.6199705624022,120.0
480,28670.67,29380.093344942987,25228.007267708934,120.0
481,28728.01,27544.466515871056,-46721.46000031011,120.0
482,28749.77,-7412.332068350122,-56459.50512077754,120.0
483,28825.59,17089.38901231441,-21381.05864383381,120.0
484,28996.08,-38261.01413481441,16628.954824318862,120.0
485,29001.62,26100.945180299692,-8608.32370775989,120.0
486,29010.26,-11434.706710903316,10946.469625654401,120.0
487,29153.93,37131.81624811426,21976.700963560073,120.0
488,29186.63,-18093.793097718713,14380.082446967008,120.0
489,29262.13,-9876.63314028921,-48249.15320854339,120.0
490,29403.3,99477.10669061742,1851.6747071464779,120.0
491,29433.16,48861.93877492153,-18755.06789289364,120.0
492,29479.95,43345.94795389238,1568.833776351239,120.0
493,29654.64,-17533.25143363721,43472.98647323126,120.0
494,29677.13,41062.75033451487,-18973.76862079012,120.0
495,29678.24,69053.46631414682,-21507.552171736046,120.0
496,29707.51,-90449.1695836985,3797.047322202654,120.0
497,29788.97,-77066.23953849095,-15665.529488366174,120.0
498,29829.87,-55087.16057309481,-21049.46649845693,120.0
499,29844.55,1687.9084721890104,-51466.441577805104,120.0
500,29848.66,7745.028864148517,12908.056897736365,120.0
501,29879.32,4296.882666064703,10415.204985865523,120.0
502,29895.57,-16692.104269900607,-8673.779431355615,120.0
503,29915.55,-50537.67158227237,-8882.482397716827,120.0
504,29922.87,-5170.813207029481,9906.704606412,120.0
505,29929.87,46111.38347594087,-36690.586295385714,120.0
506,30100.24,39592.38212414458,-29132.97412608117,120.0
507,30129.86,12183.948675027146,2853.35081523392,120.0
508,30154.47,13949.205966570597,34236.95778706747,120.0
509,30157.32,3045.6968262099253,11540.657248521842,120.0
510,30163.4,33448.496026308356,-13470.898107348534,120.0
511,30199.23,5219.61480104725,34564.19466983791,120.0
512,30326.66,83520.74405359164,15495.065932572448,120.0
513,30480.19,-2060.5833708397404,-34933.209292005035,120.0
514,30509.27,-49113.10033689229,-14433.85693827096,120.0
515,30550.37,78735.14340286396,13467.005401778406,120.0
516,30675.38,1340.0920853963107,48306.25163370147,120.0
517,30722.49,40791.11187895216,-35304.45723976855,120.0
518,30738.27,39577.6219757644,27643.21424196105,120.0
519,30793.01,-62972.17407183655,-26344.799656320458,120.0
520,30819.58,31977.194931677754,-23325.873811373905,120.0
521,30833.07,-29875.814293898362,19583.567512516674,120.0
522,30836.23,50466.37204277537,-31802.74925564692,120.0
523,30981.57,-65230.92689346046,-26640.313313787483,120.0
524,31069.99,38856.67227402073,-1474.6495158316393,120.0
525,31119.2,-27308.671740429443,48064.57908068043,120.0
526,31139.28,-55159.777344073715,-26773.707082025154,120.0
527,31206.23,2345.8128450070744,51564.55525848417,120.0
528,31343.37,6503.454869467736,-33968.0086550984,120.0
529,31346.16,84388.20175551673,-13145.960439401955,120.0
530,31445.67,-10510.294243830649,-43532.36690285461,120.0
531,31544.29,19329.27999175455,-41496.63516520501,120.0
532,31724.64,-2991.1314581958577,-57910.77104173164,120.0
533,31746.61,38009.72691508908,39664.11629824843,120.0
534,31770.82,26047.224344398237,26000.378290213645,120.0
535,31883.21,-20331.472916709707,42569.61557804239,120.0
536,31885.22,-57429.52712778949,30958.834016791592,120.0
537,31918.8,22265.49067325529,-40524.76125152469,120.0
538,31952.51,21187.41999225026,20295.77825832569,120.0
539,31975.79,21148.80481600631,30083.478913257008,120.0
540,32031.09,52115.95709006309,14874.050661862828,120.0
541,32098.51,21582.440058143293,-17940.932063916007,120.0
542,32122.72,1297.4065556979367,47390.09344526696,120.0
543,32145.85,-38074.88674463074,-35786.668544499495,120.0
544,32161.55,-70460.4077631568,-9045.57070333414,120.0
545,32198.22,5107.406532862191,33715.790179495045,120.0
546,32233.53,-34922.5193431588,25268.42698499283,120.0
547,32262.92,-81142.43058291171,-1610.4101597510635,120.0
548,32295.56,64448.799473790816,11576.326221048606,120.0
549,32370.9,-10485.55164207852,7694.081432416144,120.0
550,32450.56,-75781.23493846644,7834.678309907994,120.0
551,32473.47,-38727.90524596785,-10922.480533516084,120.0
552,32570.47,12217.33183563815,-57057.592971308906,120.0
553,32595.49,-48512.895941298506,-31888.365928563744,120.0
554,32651.04,-94421.89822622757,-8382.550518510328,120.0
555,32660.52,-13771.525234021508,-41404.13535799234,120.0
556,32703.27,53135.52348210303,27284.07832409649,120.0
557,32778.51,62840.63724922278,2084.990551494506,120.0
558,32810.6,-1713.0906268162798,-6710.747849131352,120.0
559,32817.99,-33015.29863605554,20285.1388568794,120.0
560,32832.22,-20273.408099167762,-40269.25151001355,120.0
561,32859.59,32101.251576931238,-22746.384432722665,120.0
562,32909.11,92795.94247308667,-2158.545171325786,120.0
563,32951.71,-13915.765775906148,-10374.310656795064,120.0
564,33129.85,11741.41098220904,-31594.65028492513,120.0
565,33155.95,19201.427275790855,-11689.27402863458,120.0
566,33175.02,-45703.110935287106,-24573.184676587036,120.0
567,33177.99,-16714.97488233367,-42699.70692865046,120.0
568,33219.74,12278.138660712742,14171.538947095596,120.0
569,33250.17,76184.71132484016,-7889.128936187008,120.0
570,33287.64,-74910.09073497083,-1596.8676180650546,120.0
571,33334.78,-88359.00064745765,-1177.8321608775404,120.0
572,33340.23,23046.08771845475,7770.179916706766,120.0
573,33430.35,-68508.23347256152,-3139.433074013992,120.0
574,33456.12,8074.511534171892,-14557.700969795504,120.0
575,33496.49,7062.507906395811,57439.19721270835,120.0
576,33521.91,96217.23733963091,2705.2001388549397,120.0
577,33530.31,-41719.774838223806,25583.398459687294,120.0
578,33684.33,-17357.36553437103,27173.37164142055,120.0
579,33836.08,27507.27756526215,-3735.5297750297395,120.0
580,33901.69,4285.955259639708,40051.797168320125,120.0
581,33925.47,50487.385168939756,32534.76137705315,120.0
582,34000.81,-31679.27430568904,-17980.876164286587,120.0
583,34092.02,68534.09916943908,4827.090275047056,120.0
584,34254.34,23432.357955101284,48274.14942073812,120.0
585,34271.48,-58327.15822139005,-29404.268424442922,120.0
586,34341.0,-26224.632743448892,20450.069094903156,120.0
587,34386.68,40457.57979968877,2435.5094060575284,120.0
588,34444.53,12630.95247879083,47935.73029228079,120.0
589,34547.67,4854.523102660292,-740.2754486496051,120.0
590,34607.37,12949.847097685939,-49971.43234189609,120.0
591,34654.16,28703.02724746821,45476.97512029353,120.0
592,34795.89,-20934.155994520697,-37992.26865896226,120.0
593,34822.48,40102.6907102168,38283.10830399986,120.0
594,34825.35,-31817.068678260322,-9978.692569069364,120.0
595,34916.93,-23814.901801632786,50871.65008006505,120.0
596,34968.58,40624.71498810696,5934.562662669821,120.0
597,34971.96,-79736.2396036124,-18211.094446310162,120.0
598,35030.62,19827.48391248895,48970.57938587762,120.0
599,35124.23,47370.821475283476,16729.74867893089,120.0
600,35179.53,27129.306568807857,28583.833587564262,120.0
601,35209.47,-53504.035749226285,-16293.294366007547,120.0
602,35326.38,-44138.00940777593,29653.050241677898,120.0
603,35359.96,-8535.180837800843,-58088.415251458355,120.0
604,35521.57,-19736.828142440892,-32778.66126243483,120.0
605,35579.56,49159.3332831907,-28813.390093293612,120.0
606,35644.29,-32959.21447640155,-23789.42044311863,120.0
607,35653.84,10315.95939537372,-27245.80098023689,120.0
608,35657.02,-75860.38310014241,-14264.52409569306,120.0
609,35658.03,-30479.06845199587,43913.385519810276,120.0
610,35734.06,87680.47427512598,823.0003536037693,120.0
611,35753.71,-34235.57057828324,28280.662486208093,120.0
612,35800.42,-7234.068898371101,23927.901981080475,120.0
613,35806.84,-54854.55753882397,-3610.666813789052,120.0
614,35938.12,-24040.979385143168,-21881.80883661849,120.0
615,35965.91,15408.006294235733,9949.913947937319,120.0
616,35972.61,-78055.46211997845,16312.38418347302,120.0
617,36006.64,-81875.405871864,15716.151093850793,120.0
618,36066.49,24621.591229202633,-8925.94202706898,120.0
619,36068.55,29544.038840082445,917.5496783908166,120.0
620,36144.19,90470.23620806327,10266.261063035141,120.0
621,36148.4,-29300.8617487436,-30101.700234657066,120.0
622,36184.19,17513.952853650062,39892.14105058987,120.0
623,36188.67,-73185.95443976439,-2943.055945476215,120.0
624,36206.13,-37324.89389996979,-20940.561153871182,120.0
625,36262.32,36781.96923217944,8399.613125413824,120.0
626,36453.75,12074.373507417695,-26084.9853750494,120.0
627,36516.61,71904.02118064373,-19380.460831848082,120.0
628,36518.55,-15592.77527909066,1422.0697753037675,120.0
629,36601.51,-36856.03195319364,-17694.34624524032,120.0
630,36631.15,3890.142168758277,-14989.626100903799,120.0
631,36671.87,-3783.8408622868155,-16543.473914290083,120.0
632,36779.48,-32256.32978030028,-20062.32864917576,120.0
633,36857.47,104659.24572401207,-2484.3002978133663,120.0
634,36882.85,82047.37631664002,-10944.745195559553,120.0
635,36923.07,15066.66147337309,-329.1534239945104,120.0
636,36982.54,-65254.48385686746,4624.3867972284315,120.0
637,37045.43,-48133.81950777376,9954.206071313574,120.0
638,37108.72,-41094.43587800058,-21492.100445472734,120.0
639,37128.98,28153.076374793818,45612.731605241206,120.0
640,37162.27,69902.38431329968,13840.464449359119,120.0
641,37184.23,52441.74946310879,-18072.78300411078,120.0
642,37244.03,4164.9518936559325,-49225.83459150262,120.0
643,37257.44,7640.213785846718,-50429.296493788475,120.0
644,37374.48,-650.9278356003124,-8778.707338169046,120.0
645,37374.92,-7108.191728888749,-17035.06896776821,120.0
646,37397.28,34961.178098239194,-37466.687853832664,120.0
647,37452.81,-51632.833855416146,12789.065295379007,120.0
648,37643.92,-29467.72073509972,-39302.55374830608,120.0
649,37886.3,31564.420051717912,-1020.1270908876759,120.0
650,37903.95,-69159.52009337791,-14602.202514804743,120.0
651,37914.13,52069.919758271644,-5413.227349374916,120.0
652,37919.07,19770.60271253377,-46159.70229103191,120.0
653,37923.48,18433.16922281235,23058.29529217595,120.0
654,38005.34,-48750.377118742974,-16288.642193852083,120.0
655,38009.72,2538.3448404694664,58658.60897359091,120.0
656,38150.02,-53049.01473894444,27077.53206417437,120.0
657,38197.07,51294.11342423892,31755.316812739635,120.0
658,38220.63,28313.076589096556,-38045.18466120217,120.0
659,38234.13,50525.44956593527,-18092.050388473035,120.0
660,38345.4,-24833.854686046674,-28206.489883629347,120.0
661,38358.47,39345.81063141825,4437.9601976348495,120.0
662,38369.57,20404.594449974604,21637.603621401653,120.0
663,38388.18,-12686.46131677054,-49523.65135992929,120.0
664,38422.16,-86106.07843398457,-10817.148380758295,120.0
665,38434.47,-50081.77121490014,-6150.697841622079,120.0
666,38467.24,25118.540608395677,41248.76471211984,120.0
667,38497.97,32171.920534477584,16078.338382872884,120.0
668,38515.27,61584.42230947607,2511.8568880747916,120.0
669,38545.37,38401.23496661293,-40230.30115637536,120.0
670,38614.4,-41730.12480916798,40168.35390371059,120.0
671,38628.39,26782.478305579047,-32436.703706290085,120.0
672,38864.6,100418.93868984458,-2781.4804008705687,120.0
673,38868.85,11657.302930104604,-37198.392322134765,120.0
674,38886.6,21767.027501690816,41760.28346675221,120.0
675,38904.66,-82084.16819253271,-14962.760435292248,120.0
676,38941.69,-11809.943571844415,17127.237205656977,120.0
677,38956.93,52963.7417901889,-31154.077208020135,120.0
678,39087.08,65785.41699534262,-13895.11624955626,120.0
679,39176.48,41491.9627694317,-7768.417849187848,120.0
680,39289.16,-52585.47401174742,-24059.759479733057,120.0
681,39302.97,-52594.66840109743,-23574.433088040205,120.0
682,39327.68,13271.712500501337,-50050.399166765514,120.0
683,39346.43,20628.271904712106,-1466.5002826294512,120.0
684,39389.32,-9587.622540249577,37100.18985999633,120.0
685,39409.06,27231.70366390598,19903.311005845047,120.0
686,39413.06,16577.280994813234,38748.21610029061,120.0
687,39423.02,-16389.85204212973,33314.172243119334,120.0
688,39475.25,-54540.64687594828,22466.279552364016,120.0
689,39478.21,-87491.66260591094,-9195.436616799905,120.0
690,39490.17,-30881.159827148585,-6315.555410300862,120.0
691,39576.72,-56773.68931728143,-4364.935808769062,120.0
692,39602.21,19104.2073698689,-5914.080518391842,120.0
693,39680.84,17270.799687050043,9252.138298578226,120.0
694,39813.24,73907.75505980593,9000.633108141803,120.0
695,39863.97,-69038.04803027792,-13788.22082178537,120.0
696,39872.66,11389.671271613595,31843.07944624017,120.0
697,39892.4,-18574.692251656656,-52665.83005785664,120.0
698,39892.96,-60955.17499278275,-22642.707472987262,120.0
699,39945.12,-3717.3376106233336,-12138.592580298377,120.0
700,40067.45,-52898.30030705855,19635.045631145484,120.0
701,40103.22,38906.18779795812,4326.094913267509,120.0
702,40152.02,57583.99797496798,14670.361825105443,120.0
703,40218.04,-20818.29108690939,10970.48261702211,120.0
704,40224.88,-57108.01358918649,-3809.021350452811,120.0
705,40321.05,-6453.507495437429,-39590.45978152458,120.0
706,40441.76,48938.52928592738,36273.63833814615,120.0
707,40580.04,-18740.55270360181,7052.492499088763,120.0
708,40580.93,73162.63801217164,-21864.157860749525,120.0
709,40660.41,46517.41431797354,-32904.44311392872,120.0
710,40734.84,18520.548822735596,-46022.263002996144,120.0
711,40908.5,99921.22710643534,1557.8275434848692,120.0
712,40948.72,14600.366914730039,-45224.01652427486,120.0
713,41109.88,-65957.23125966672,4310.858266985695,120.0
714,41134.88,-44077.38073782314,15638.602927671809,120.0
715,41140.04,-28197.341239885922,-4184.55616312542,120.0
716,41162.03,58087.20386299085,-1644.8824255702566,120.0
717,41213.07,-17085.324964538173,32804.77989709981,120.0
718,41228.16,-88482.09940508942,-5590.127989985162,120.0
719,41267.56,-21372.206037247364,-690.4755160168788,120.0
720,41301.98,33881.619613802315,10016.12006571715,120.0
721,41457.2,64548.009749161036,-16268.842451450102,120.0
722,41515.89,1038.7461628421297,-29143.096191061944,120.0
723,41581.34,23086.510160505808,-16327.2520775441,120.0
724,41626.6,62074.48226070001,-19011.443184459822,120.0
725,41663.88,-9157.97515805969,23603.18469230573,120.0
726,41830.76,49639.82329433937,35715.524926017984,120.0
727,42042.08,-56598.035912164014,-3721.716948937834,120.0
728,42074.52,75373.38999282986,-4022.59119571418,120.0
729,42210.76,58562.286063999374,-5010.227536048114,120.0
730,42243.23,-25185.5654616334,10083.200908988492,120.0
731,42283.45,38918.43772285606,-37379.547558825405,120.0
732,42349.76,-50680.150927040086,-11368.16774725652,120.0
733,42396.35,-51027.64043598421,33139.58286591233,120.0
734,42467.94,-14372.2852474143,-21514.84428041918,120.0
735,42530.22,8934.110909210955,-52912.36053585637,120.0
736,42547.15,51931.66385404628,-31451.551960526183,120.0
737,42633.14,15265.334878638794,-33631.372449938324,120.0
738,42741.76,33230.211169016766,16411.881504239835,120.0
739,42755.72,36282.239937272694,-14558.087045822125,120.0
740,42814.1,29405.19878671463,-22522.81846719284,120.0
741,42836.83,18901.921111177144,8445.189211469318,120.0
742,42972.2,-76873.04080391699,17766.823632276275,120.0
743,42988.17,-12932.867986694124,-7610.967152869824,120.0
744,42989.35,96305.31088233368,-666.1489201947916,120.0
745,42992.54,-40810.0019117407,-473.56557485897065,120.0
746,43097.89,81016.62361953287,7553.840962621864,120.0
747,43151.31,-81191.75020954057,7302.511297712549,120.0
748,43282.55,6603.7706302460265,52098.53853674246,120.0
749,43426.6,8964.186472311325,-3634.7015336847326,120.0
750,43479.66,-65088.67529795055,-25289.227953645837,120.0
751,43529.77,-59453.970529575294,7217.578610079321,120.0
752,43548.19,-61620.31497078913,-14016.585792836144,120.0
753,43569.4,-6392.738698627247,-16381.361869175591,120.0
754,43605.34,-30197.969624309786,17664.70417718339,120.0
755,43626.34,17434.591331855245,45298.03778943005,120.0
756,43653.15,16598.46082597792,-24789.957399071372,120.0
757,43745.11,21366.99452820311,-28433.13336713148,120.0
758,43777.29,-83768.62732377261,-4320.443066144552,120.0
759,43865.93,24795.211279173636,-7175.386757776781,120.0
760,43870.17,98403.15345981233,-7744.218478442621,120.0
761,43894.14,-89015.80033051714,-7519.107821173104,120.0
762,43900.37,-60533.519165834456,-14302.369704092924,120.0
763,43938.95,32753.28884664856,5730.830430737209,120.0
764,43955.71,-4633.4337926576845,-14397.572383711275,120.0
765,43967.8,-30321.028351995585,-7245.408685784296,120.0
766,43988.25,64901.94670564744,19637.479370118424,120.0
767,44391.09,42347.685742509704,-20853.738166985357,120.0
768,44484.71,-19490.183751563556,-23556.77797895153,120.0
769,44590.45,-55345.93745812049,-11121.543210454507,120.0
770,44657.82,-41600.39694984661,17562.072519721914,120.0
771,44771.74,28428.135571334627,-31945.94554197062,120.0
772,44825.22,-44999.94386467495,6383.803382381262,120.0
773,44864.77,-67491.2238704518,-14574.20579144453,120.0
774,45002.24,-23631.822393940565,3343.854669561548,120.0
775,45041.09,45178.98952601737,-30190.84840610242,120.0
776,45123.42,1426.4064131513496,49120.39987826185,120.0
777,45144.46,84972.4640349824,11913.960566777583,120.0
778,45225.77,5589.649349255196,18822.121730081,120.0
779,45388.39,63088.97047173677,26159.727415632537,120.0
780,45453.97,-38206.90931389363,-40610.051925824846,120.0
781,45458.73,13762.344116477121,43527.3239963891,120.0
782,45462.3,-18178.68970351733,-16007.780601356073,120.0
783,45487.45,-19454.96595109812,32440.699444298465,120.0
784,45492.4,33889.73775745831,37945.78490608258,120.0
785,45509.91,5326.610248682526,-46382.57779303007,120.0
786,45512.53,36412.05992223232,-8063.44145561957,120.0
787,45610.58,-72633.91548137278,-21971.9010362889,120.0
788,45620.93,-3294.3492026535387,-16484.12742620546,120.0
789,45714.74,-19434.19278455638,22785.031833168672,120.0
790,45716.96,-74108.8294871164,12409.271955824315,120.0
791,45801.95,25542.413980358207,42614.19379041398,120.0
792,45892.2,-10223.722493350142,-44043.87273882243,120.0
793,45918.1,7538.5484695070845,-14689.511168364024,120.0
794,46230.3,-56143.99980930245,-26228.762458801517,120.0
795,46316.97,-34121.62702287425,29069.239677982863,120.0
796,46382.77,-38883.836027765385,21505.22032204719,120.0
797,46436.49,47184.1792033962,-12862.158439853527,120.0
798,46511.3,-52926.26337043976,24116.549244092348,120.0
799,46544.64,22165.712572673852,-21092.75541666705,120.0
800,46592.04,31592.466144879785,-39865.63764594963,120.0
801,46645.82,66221.49667828198,21678.489974133954,120.0
802,46690.92,-26831.76991386278,3742.373546222141,120.0
803,46693.22,31256.104467916128,-548.8673642664362,120.0
804,46745.68,18428.25852636223,1005.6031268156075,120.0
805,46772.53,33600.63752334112,-26183.788663427975,120.0
806,46792.57,30829.9144935492,23848.81115916814,120.0
807,46840.05,-71310.49337566551,-23450.00938641862,120.0
808,47159.05,-86179.58940761996,-10008.578505636251,120.0
809,47282.5,73513.67088542633,4498.941779937195,120.0
810,47342.11,89414.3315643362,-12076.807875161052,120.0
811,47365.76,-26922.711479884878,-31286.475136744186,120.0
812,47379.22,-49621.56460199055,-32326.853834185546,120.0
813,47388.37,41501.93224398021,22491.19696364751,120.0
814,47445.42,67962.93388609077,-23376.061019556066,120.0
815,47528.69,-4553.067134734316,-15255.292235609144,120.0
816,47565.02,11556.584127520808,-56338.67315553281,120.0
817,47594.96,-13902.828771648648,50379.68165376789,120.0
818,47725.57,-69004.54622832016,17942.03884282497,120.0
819,47730.88,25410.834346265096,-36489.67518988438,120.0
820,47759.07,-24515.594108145815,-956.419441998547,120.0
821,47888.71,-71252.15545818159,21826.532497341006,120.0
822,47985.81,58408.43058976621,-25930.026066450795,120.0
823,48028.46,-43936.34342736859,-1204.301847135608,120.0
824,48079.17,45941.03541149509,13716.71635410424,120.0
825,48204.08,12755.659840675522,-51786.1119664624,120.0
826,48275.78,30392.205746098887,-6319.9816731915635,120.0
827,48328.96,35836.34341103772,-24974.7936120501,120.0
828,48362.05,38342.040650195886,-20266.530357675147,120.0
829,48371.1,-60888.57964857363,-19668.768349440696,120.0
830,48425.2,-44573.64926989144,3381.3525677375765,120.0
831,48492.39,-63377.84660149769,25782.224413144137,120.0
832,48505.54,-16303.263531247372,-44204.185850473805,120.0
833,48535.86,54116.21730659112,11555.262684958696,120.0
834,48568.93,2867.2943941349295,-10070.075015120361,120.0
835,48594.3,-38224.78393910763,3879.2462952928217,120.0
836,48724.54,64293.89597019485,-3408.7396163579906,120.0
837,48759.8,4785.8559771814325,-20885.55905794953,120.0
838,48949.21,-57271.45042116268,155.0750753314951,120.0
839,48958.26,28784.317032823383,5566.272509322807,120.0
840,49049.77,-31023.167618677315,39138.16224873451,120.0
841,49099.21,32844.25387772255,35248.71857085886,120.0
842,49132.88,6145.936136809338,-33203.97601802877,120.0
843,49139.25,-16645.89833489836,-47580.92609735248,120.0
844,49144.07,52646.6471379589,23448.43960440832,120.0
845,49198.21,32512.587002739907,5802.756479886673,120.0
846,49210.8,51064.53435884264,-26302.52260974823,120.0
847,49227.65,11373.225306587221,-48622.33457121778,120.0
848,49237.17,-43848.53640888452,-12423.237277544631,120.0
849,49261.66,-64550.78458558807,-25624.791102991567,120.0
850,49297.54,-18093.45051381133,29434.64835105036,120.0
851,49361.28,-60486.232931378414,15002.527712352148,120.0
852,49368.21,-20945.310114064723,30928.366017930268,120.0
853,49418.95,-23333.484384024785,4347.204334457321,120.0
854,49437.44,-5156.918713866835,-9441.216236801021,120.0
855,49456.9,12387.721876336785,-52650.26611859365,120.0
856,49537.98,7118.034671165697,-10624.529134536788,120.0
857,49607.53,-27797.444605018747,198.60489476071962,120.0
858,49615.8,-33468.95166752278,15492.27023394584,120.0
859,49658.15,59263.52767329909,-28436.470869848643,120.0
860,49737.08,60540.539285759005,20066.859071748382,120.0
861,49792.94,-13332.988164519367,35028.93129020536,120.0
862,49850.68,-54716.79328611747,-18409.590628826878,120.0
863,49893.58,28241.42068837169,47978.283370929275,120.0
864,49990.05,14513.18532227388,-7627.535208742964,120.0
865,50151.72,56823.47805498603,-13745.655576249963,120.0
866,50400.16,77931.17504926723,-3132.9399860171834,120.0
867,50410.8,-67748.64739583738,-2694.6235953345204,120.0
868,50422.16,12919.731424480997,-39109.44937438103,120.0
869,50450.46,-10871.244124986086,5601.464052535983,120.0
870,50527.58,75177.89636593933,-8608.869064481383,120.0
871,50610.86,72880.14194751668,16230.473518925683,120.0
872,50645.02,46075.33207694022,-19268.87335003345,120.0
873,50712.84,24286.862627828996,-11311.73513578262,120.0
874,50947.43,-4750.963657619155,-10258.804904111817,120.0
875,50957.17,38894.47852338487,-759.198546851876,120.0
876,50982.69,43475.11433500806,-24132.760521463417,120.0
877,50995.39,-66691.83784824537,-17868.37583018143,120.0
878,51110.08,5330.9670122862335,46351.680560514,120.0
879,51116.02,-24480.494207260686,-22428.03345196094,120.0
880,51186.17,11296.247504701212,-20302.473395894194,120.0
881,51265.01,-17912.7058817251,9850.072806271855,120.0
882,51388.02,-33804.95216941645,28273.402291248014,120.0
883,51404.85,-48042.914587996325,-19325.65076172199,120.0
884,51535.84,-58372.302298140545,-7450.493189184617,120.0
885,51604.23,23556.404918272194,-46770.316255567945,120.0
886,51608.12,-21208.06357145736,-8200.072453888628,120.0
887,51653.99,-8920.774620944976,-7963.783413094989,120.0
888,51817.63,34030.27515922417,5084.952986480064,120.0
889,51821.91,-36026.01805990224,27223.67078210788,120.0
890,51822.57,18764.506530306055,35301.83969117896,120.0
891,51839.33,4388.604004250556,2204.0247838953837,120.0
892,51900.03,-5478.000786638178,-60719.50460836545,120.0
893,51963.18,91582.04780114917,-59.90784376078955,120.0
894,52021.36,-6424.811550154525,-28439.739794426543,120.0
895,52079.67,-17021.78533381829,-38860.73831814023,120.0
896,52081.03,4859.594547046814,-57476.76486280691,120.0
897,52123.33,-74298.8150558338,5253.331174262581,120.0
898,52130.93,44697.87061255601,-9357.11256081221,120.0
899,52194.82,97981.44239114832,-8253.70513600816,120.0
900,52262.13,33468.49653180668,-37956.06179980609,120.0
901,52297.7,-62956.314157697736,16095.100488897611,120.0
902,52380.61,-26982.586382059948,-33791.78326480511,120.0
903,52395.35,-54438.43992650893,-21443.50197942217,120.0
904,52447.88,-78287.06406394567,-882.0368031368725,120.0
905,52549.06,53900.981388477,6330.977254643432,120.0
906,52579.29,11550.432101642,-19197.840707987903,120.0
907,52626.38,23466.100787519666,10860.826788982362,120.0
908,52675.84,39403.71301346844,31602.939295148026,120.0
909,52709.06,10792.173599314512,17012.67255580325,120.0
910,52725.69,105014.03566882834,-3668.875889386436,120.0
911,52863.4,-16384.893698970325,34251.424094321184,120.0
912,52928.12,-39388.19780875997,-41830.49903226902,120.0
913,52952.9,33343.42075625811,37148.17899523111,120.0
914,53043.37,21858.311618031432,23333.22304652601,120.0
915,53070.54,-75485.83626278941,-17094.018679137414,120.0
916,53128.56,10542.616836660003,-9611.890549074371,120.0
917,53130.64,-61399.44945660897,23692.607206891706,120.0
918,53205.03,29302.053837831765,-22265.68208835397,120.0
919,53297.47,52776.388143590855,-6037.474026674317,120.0
920,53472.14,44637.34529215103,8119.268523204948,120.0
921,53535.28,19751.967873441754,-50621.7665782558,120.0
922,53703.49,43043.22524634291,-21042.893541484176,120.0
923,53777.98,59622.51414753865,8202.206155150496,120.0
924,53781.1,-51021.49833400482,9543.11452132034,120.0
925,53891.46,26826.28512610709,12548.835589237598,120.0
926,53898.95,-45676.85825797078,-33456.017495737964,120.0
927,54078.87,46469.1074722496,-11548.516895009168,120.0
928,54098.99,15895.813523730641,40974.71094965525,120.0
929,54126.87,-44785.71662517534,24223.387661232446,120.0
930,54223.84,85283.79036418622,10750.212749388978,120.0
931,54365.35,1328.4299821755922,10274.627549697329,120.0
932,54483.68,-68553.34817801815,21887.452102778305,120.0
933,54574.91,18286.445949639783,-16999.272348625385,120.0
934,54634.33,-13585.559016794592,-15605.806406385404,120.0
935,54648.14,-31668.1444194058,-19434.516112509868,120.0
936,54649.59,62578.090082726354,-12707.200117677508,120.0
937,54769.08,59744.25733730246,-26661.093434005663,120.0
938,54817.93,-82554.15645282541,12345.674536571458,120.0
939,54882.44,-30376.577218021965,-35430.11228594515,120.0
940,54936.53,17739.760687239694,31500.014434358083,120.0
941,54990.69,-13518.392525204465,43024.820743192206,120.0
942,55033.87,36078.650442167374,-38782.82255410352,120.0
943,55098.77,1875.871543541165,-7809.293761935551,120.0
944,55218.25,-59079.68124957606,-25534.71896621416,120.0
945,55243.92,2009.9355226654516,32267.027339357715,120.0
946,55283.46,16363.034531682475,31933.79153292862,120.0
947,55315.35,64586.081906960055,23245.080552507752,120.0
948,55468.0,-69344.6966806341,-22323.31053899779,120.0
949,55502.07,35803.834083987655,36008.55389133969,120.0
950,55542.97,-65706.71749334347,-16869.59867908685,120.0
951,55545.05,-13779.056283923353,-18477.195113760332,120.0
952,55613.46,29459.477999489834,-26784.144602235054,120.0
953,55916.93,9055.068614777454,50149.814489502205,120.0
954,56005.67,47390.92203969568,-4592.996035588891,120.0
955,56297.91,52402.390468794234,-31208.722924404796,120.0
956,56370.77,-83890.8999833805,90.86320791959224,120.0
957,56373.0,6087.647878240983,-27641.896982465387,120.0
958,56440.56,19668.159515980835,-35390.90290936863,120.0
959,56512.76,45514.38861089981,4324.393283762336,120.0
960,56531.66,-39117.816751583945,15934.478795013918,120.0
961,56706.54,40395.609837957345,30109.059521197218,120.0
962,56811.05,43140.40891360662,30629.337400123604,120.0
963,56826.6,71679.80853038501,-22703.610583927228,120.0
964,56890.09,-19037.271363986958,52202.14179428903,120.0
965,56898.72,-3840.0163315530663,18751.339348479796,120.0
966,56950.23,37657.85787674398,-26019.77191820715,120.0
967,57228.94,7098.777537381538,-40990.86678914351,120.0
968,57314.0,30422.984157048573,1458.1075037401315,120.0
969,57334.85,18915.33382323307,-42014.5843849966,120.0
970,57362.02,35699.82812919369,-17013.593679138154,120.0
971,57414.51,71398.54581823462,23590.210186662203,120.0
972,57486.82,21380.00384826254,-46242.75166702394,120.0
973,57508.46,-38473.491521002696,-14304.324285091929,120.0
974,57522.13,70389.26908325277,7473.977480466958,120.0
975,57576.68,87529.88860388217,-8407.096337738803,120.0
976,57584.76,5602.023358129758,12366.285923647421,120.0
977,57629.87,66808.69861119744,-16817.785171912277,120.0
978,57838.7,57223.47749738296,-17231.672860176855,120.0
979,57903.35,-32228.713585366833,33288.94459481007,120.0
980,58172.49,3461.4118509056716,-38221.713326891564,120.0
981,58342.25,-87553.26499235978,3792.827386962338,120.0
982,58349.42,12495.904424213855,9856.804379899018,120.0
983,58458.57,-37981.472197374314,8800.487799172817,120.0
984,58476.28,-15036.9524730033,1476.0178236316497,120.0
985,58502.06,-2370.7904055387335,30590.125773736247,120.0
986,58515.39,25951.261111896587,13308.775910003264,120.0
987,58562.76,-54770.118914007726,-27375.76532321137,120.0
988,58564.43,26155.426414722962,4715.776182704176,120.0
989,58629.06,-34315.698306276994,30944.028295781034,120.0
990,58629.53,-95666.46202734043,9162.49149346478,120.0
991,58639.54,-18862.278738821857,18211.172776862015,120.0
992,58795.51,-22829.290903692556,640.7435690761231,120.0
993,58796.33,-59019.95727026077,-30451.28802755858,120.0
994,58963.77,40694.065031915336,-36072.907455423134,120.0
995,58992.86,-7907.052567968436,-44039.98977036685,120.0
996,59109.39,99802.0274647764,138.94589279922366,120.0
997,59213.16,-11198.904511903245,33555.59248739123,120.0
998,59221.16,55210.539718552696,15254.887200820209,120.0
999,59234.36,5248.829974356551,-7806.669104917863,120.0
1000,59253.85,42491.59631700908,12947.130842059087,120.0
